index,Cement(kg/m3),Water(kg/m3),Coarse aggregate(kg/m3),Fine aggregate(kg/m3),FA (kg/m3),SF (kg/m3),GGBFS (kg/m3),SP (kg/m3),GUI_prediction_MPa,Pipeline_prediction_MPa,Absolute_difference_MPa
497,200.0,136.0,1270.0,596.0,200.0,0.0,0.0,2.0,39.012017570674544,39.012017570674544,0.0
1261,330.0,176.0,928.0,722.0,0.0,0.0,220.0,10.0,62.8776670759755,62.8776670759755,0.0
411,270.0,198.0,857.0,816.0,0.0,45.0,135.0,4.56,67.11831762189735,67.11831762189735,0.0
1046,324.0,293.5,791.0,631.0,0.0,23.0,116.0,0.0,28.68716731821953,28.68716731821953,0.0
1033,142.5,190.0,746.1,929.1,71.25,23.75,237.5,1.425,29.360933184512383,29.360933184512383,0.0
613,400.0,210.0,698.5,888.8,0.0,100.0,0.0,1.7,56.884029316889055,56.884029316889055,0.0
218,213.8,181.7,1066.0,785.5,24.5,0.0,98.1,6.7,44.56165230403723,44.56165230403723,0.0
1182,525.0,225.0,570.0,688.0,187.5,37.5,0.0,9.75,49.6728869633432,49.6728869633432,0.0
1191,225.0,189.0,776.8,977.9,0.0,45.0,180.0,2.02,37.54538161722399,37.54538161722399,0.0
885,138.0,205.3,1007.0,635.0,92.0,46.0,184.0,1.84,33.679254569317074,33.679254569317074,0.0
1099,360.0,180.0,868.0,941.0,40.0,0.0,0.0,0.0,29.35417923672484,29.35417923672484,0.0
607,175.0,175.0,1021.0,830.0,0.0,0.0,175.0,3.5,38.31390964095147,38.31390964095147,0.0
1058,395.25,200.0,737.0,937.5,0.0,69.75,0.0,3.72,39.103646935174794,39.103646935174794,0.0
566,382.5,153.0,1122.5,653.0,127.5,0.0,0.0,15.3,46.15109449276038,46.15109449276038,0.0
810,248.0,226.24,806.0,853.0,248.0,0.0,0.0,5.0,21.606904045733323,21.606904045733323,0.0
1032,154.375,190.0,746.8,930.0,71.25,11.875,237.5,1.425,29.62206496117571,29.62206496117571,0.0
168,318.9,212.7,860.5,725.0,124.8,0.0,0.0,5.7,29.584597025775086,29.584597025775086,0.0
1043,324.0,271.7,813.0,631.0,0.0,23.0,116.0,0.0,32.04079657712883,32.04079657712883,0.0
926,94.8,168.0,820.0,807.0,0.0,0.0,379.2,1.69,51.853728127712316,51.853728127712316,0.0
67,373.0,200.0,778.0,878.0,81.5,0.0,0.0,5.82,51.397110872521914,51.397110872521914,0.0
1037,324.0,250.0,836.0,631.0,0.0,23.0,116.0,0.0,35.321301474607495,35.321301474607495,0.0
451,420.0,151.2,1102.0,675.0,0.0,0.0,42.0,3.36,60.24104322214056,60.24104322214056,0.0
668,269.45,190.0,1396.0,698.0,31.7,15.85,0.0,0.0,14.945746632089019,14.945746632089019,0.0
874,142.5,190.0,689.8,911.9,71.25,23.75,237.5,1.6625,28.467053557612633,28.467053557612633,0.0
192,178.0,179.9,1007.3,746.8,118.6,0.0,129.8,3.6,38.449524984866045,38.449524984866045,0.0
123,392.0,186.2,1078.0,628.0,0.0,98.0,0.0,17.15,61.385140635795345,61.385140635795345,0.0
413,360.0,198.0,860.0,819.0,45.0,0.0,45.0,3.2,75.38484974555243,75.38484974555243,0.0
277,154.0,228.0,845.0,612.0,185.0,0.0,174.0,7.0,28.251476355974194,28.251476355974194,0.0
1295,270.0,139.5,771.0,1156.0,0.0,0.0,180.0,0.0,64.04586371050337,64.04586371050337,0.0
661,440.0,209.0,680.9,750.0,110.0,0.0,0.0,7.7,50.479201274480445,50.479201274480445,0.0
184,475.0,200.0,937.0,780.0,0.0,25.0,0.0,0.75,56.086016371613944,56.086016371613944,0.0
589,276.0,161.0,1085.2,693.81,0.0,0.0,184.0,1.104,50.023373189317354,50.023373189317354,0.0
910,340.0,121.0,1205.0,739.0,102.0,10.2,0.0,4.2,53.49140327037843,53.49140327037843,0.0
76,228.0,182.0,1100.0,770.0,0.0,23.0,228.0,1.82,46.7409946193898,46.7409946193898,0.0
1160,346.5,159.6,864.0,864.0,63.0,10.5,0.0,1.68,57.537686754958415,57.537686754958415,0.0
672,237.75,190.0,1396.0,698.0,31.7,47.55,0.0,0.0,17.003369369826704,17.003369369826704,0.0
682,495.38,158.0,1029.0,686.0,0.0,31.62,0.0,10.54,72.00560424360737,72.00560424360737,0.0
806,200.9,185.45,620.51,689.83,283.327,30.9084,0.0,11.3329788,48.16067239479554,48.16067239479554,0.0
1055,302.25,200.0,737.0,937.5,162.75,0.0,0.0,3.72,30.51368294889909,30.51368294889909,0.0
259,152.0,168.0,944.0,695.0,139.0,0.0,178.0,18.0,39.16381921124017,39.16381921124017,0.0
51,235.62,163.0,1048.0,670.0,0.0,0.0,126.88,0.0,39.278714777359816,39.278714777359816,0.0
244,310.0,168.0,914.0,651.0,111.0,0.0,143.0,22.0,42.430343457685304,42.430343457685304,0.0
1331,262.87,197.1,1139.1,657.19,0.0,46.81,159.32,0.0,31.773356292201797,31.773356292201797,0.0
912,286.0,168.0,820.0,807.0,188.0,0.0,0.0,1.69,84.04197268013684,84.04197268013684,0.0
677,237.75,190.0,1396.0,698.0,31.7,47.55,0.0,0.0,17.003369369826704,17.003369369826704,0.0
382,330.0,176.0,928.0,722.0,0.0,0.0,220.0,10.0,62.8776670759755,62.8776670759755,0.0
615,385.0,192.5,834.8,797.1,0.0,0.0,165.0,7.43,56.50680407536515,56.50680407536515,0.0
49,235.62,163.0,1048.0,670.0,0.0,0.0,126.88,0.0,39.278714777359816,39.278714777359816,0.0
367,475.0,175.0,687.0,958.0,0.0,25.0,0.0,8.0,62.12343454771197,62.12343454771197,0.0
799,267.87,185.45,656.81,730.18,226.6616,20.6056,0.0,11.3330184,49.77373825839,49.77373825839,0.0
1245,530.7,244.448,1235.0,523.0,174.9,58.3,0.0,5.36,62.752669559518665,62.752669559518665,0.0
1134,137.0,155.0,1083.0,670.0,0.0,28.0,296.0,0.0,49.56257132156825,49.56257132156825,0.0
1236,583.0,205.216,1235.0,523.0,0.0,58.3,0.0,5.62,66.13788667482491,66.13788667482491,0.0
462,175.0,210.0,952.0,883.0,0.0,0.0,175.0,0.0,39.38182727737859,39.38182727737859,0.0
1048,277.5,293.5,791.0,631.0,0.0,69.5,116.0,0.0,33.335400071100636,33.335400071100636,0.0
141,165.0,163.8,1005.6,900.9,124.8,0.0,0.0,0.0,38.5366802353453,38.5366802353453,0.0
844,261.25,190.0,733.7,951.4,47.5,23.75,142.5,1.425,40.69430743465112,40.69430743465112,0.0
922,94.8,168.0,820.0,807.0,0.0,0.0,379.2,1.69,51.853728127712316,51.853728127712316,0.0
770,399.23,185.45,742.29,825.21,84.9981,30.9084,0.0,11.333003,55.84265742357994,55.84265742357994,0.0
416,360.0,198.0,859.0,817.0,33.75,22.5,33.75,4.2,74.90296944865926,74.90296944865926,0.0
29,260.0,214.9,832.0,785.0,260.0,0.0,0.0,4.78,22.716714412521096,22.716714412521096,0.0
1384,337.5,112.5,1413.05,439.59,0.0,112.5,0.0,13.5,91.37386187353093,91.37386187353093,0.0
65,400.0,200.0,771.0,870.0,0.0,54.5,0.0,8.0,57.66252887635991,57.66252887635991,0.0
1112,160.0,156.0,1809.0,1372.0,0.0,0.0,240.0,2.0,39.39302418270556,39.39302418270556,0.0
1343,467.0,150.0,1147.0,703.0,0.0,33.0,0.0,7.5,78.03182489692335,78.03182489692335,0.0
175,400.0,160.0,999.0,710.0,100.0,0.0,0.0,2.0,52.570587317626895,52.570587317626895,0.0
904,372.33,186.16,948.54,636.97,93.08,0.0,0.0,2.34,45.168897161471904,45.168897161471904,0.0
618,333.0,173.0,924.0,743.0,162.0,0.0,0.0,3.71,45.55450094803416,45.55450094803416,0.0
1151,350.0,190.0,876.0,830.0,150.0,0.0,0.0,9.1,38.98137450330245,38.98137450330245,0.0
115,475.0,170.0,1100.0,640.0,0.0,25.0,0.0,17.5,57.558564331446256,57.558564331446256,0.0
1078,260.0,214.9,832.0,785.0,260.0,0.0,0.0,4.78,22.716714412521096,22.716714412521096,0.0
909,340.0,121.0,1263.0,774.0,51.0,10.2,0.0,4.2,47.988914109163126,47.988914109163126,0.0
425,428.0,198.0,865.0,823.0,0.0,22.5,0.0,4.9,50.909173223371575,50.909173223371575,0.0
394,330.0,176.0,913.0,711.0,110.0,0.0,110.0,7.5,53.34913390871593,53.34913390871593,0.0
1196,135.0,189.0,646.6,973.3,0.0,45.0,270.0,2.02,23.64571663094707,23.64571663094707,0.0
680,421.6,158.0,1029.0,686.0,105.4,0.0,0.0,10.54,51.12142831574075,51.12142831574075,0.0
864,225.625,190.0,752.5,937.1,47.5,11.875,190.0,1.1875,36.06855941194178,36.06855941194178,0.0
621,375.0,195.0,735.0,910.0,125.0,0.0,0.0,6.75,42.43347351299071,42.43347351299071,0.0
44,253.75,163.0,1048.0,670.0,108.75,0.0,0.0,0.0,39.736586806536714,39.736586806536714,0.0
59,281.82,260.14,810.0,795.0,118.46,0.0,0.0,0.0,24.064552897255048,24.064552897255048,0.0
1336,459.0,156.06,817.56,828.36,0.0,81.0,0.0,4.32,57.75137565878941,57.75137565878941,0.0
582,360.0,201.6,1058.0,616.0,120.0,0.0,0.0,14.4,25.331007489687693,25.331007489687693,0.0
420,270.0,198.0,842.0,801.0,180.0,0.0,0.0,2.9,39.57244178740255,39.57244178740255,0.0
1005,345.1,185.5,694.6,772.2,169.983,0.0,0.0,11.331826,46.894864252022,46.894864252022,0.0
358,135.0,180.0,640.0,1034.0,315.0,0.0,0.0,0.585,24.361954978996778,24.361954978996778,0.0
583,336.0,201.6,1058.0,616.0,144.0,0.0,0.0,14.4,23.254819637647604,23.254819637647604,0.0
270,168.9,158.3,1080.8,796.2,124.3,0.0,42.2,10.8,33.413262244733495,33.413262244733495,0.0
350,257.0,180.0,621.0,1023.0,231.0,26.0,0.0,2.056,48.955995688533044,48.955995688533044,0.0
721,283.5,107.73,869.0,869.0,0.0,10.5,126.0,2.016,48.6977203865044,48.6977203865044,0.0
405,405.0,198.0,861.0,819.0,0.0,45.0,0.0,5.2,60.504606923136436,60.504606923136436,0.0
834,360.6,158.0,1151.0,647.0,74.1,59.3,0.0,4.94,58.53203157462087,58.53203157462087,0.0
1270,330.0,176.0,920.0,716.0,0.0,55.0,165.0,10.78,73.77347877300704,73.77347877300704,0.0
274,272.8,209.7,904.0,679.7,81.8,0.0,105.1,9.0,36.71969602846792,36.71969602846792,0.0
322,250.0,191.0,580.0,1069.0,0.0,0.0,250.0,1.9,29.88365476886397,29.88365476886397,0.0
78,228.0,182.0,1100.0,770.0,0.0,68.0,159.0,2.8,48.52674353092903,48.52674353092903,0.0
993,401.8,185.5,729.4,810.9,113.322,0.0,0.0,11.332684,45.792785891832,45.792785891832,0.0
275,165.0,175.1,1005.8,746.6,132.1,0.0,128.5,8.1,34.63348359946592,34.63348359946592,0.0
1081,130.0,214.9,832.0,785.0,390.0,0.0,0.0,7.4,15.717493811675613,15.717493811675613,0.0
220,236.9,246.9,852.9,695.4,71.5,0.0,91.7,6.0,30.751243706870557,30.751243706870557,0.0
316,300.0,191.0,571.0,1029.0,200.0,0.0,0.0,1.83,34.16655739397982,34.16655739397982,0.0
428,360.0,198.0,855.0,813.0,67.5,22.5,0.0,4.2,55.24698152260114,55.24698152260114,0.0
1066,257.0,216.8,754.0,800.0,256.0,0.0,0.0,4.1,23.34780100211979,23.34780100211979,0.0
70,373.0,200.0,772.0,872.0,81.5,0.0,0.0,4.67,53.051791298245284,53.051791298245284,0.0
15,83.0,168.0,820.0,932.0,83.0,0.0,249.0,1.69,47.959769511268426,47.959769511268426,0.0
453,450.0,129.6,1002.0,614.0,0.0,0.0,90.0,3.6,51.031250950275556,51.031250950275556,0.0
953,577.0,151.0,1078.0,511.0,0.0,89.0,74.0,8.88,112.85569085854496,112.85569085854496,0.0
706,315.0,184.5,1201.5,612.0,135.0,0.0,0.0,2.25,35.10077039991022,35.10077039991022,0.0
1405,135.0,135.0,875.0,875.0,0.0,45.0,270.0,1.857,69.3033526520787,69.3033526520787,0.0
759,458.47,185.45,770.09,856.12,15.4542,41.2112,0.0,11.3329788,54.95928930117091,54.95928930117091,0.0
949,666.0,152.0,1085.0,515.0,0.0,74.0,0.0,8.88,108.60500199394743,108.60500199394743,0.0
634,245.0,85.75,1035.0,740.0,0.0,0.0,105.0,6.3,42.41607222791679,42.41607222791679,0.0
1217,524.7,195.904,1235.0,523.0,0.0,29.2,58.3,4.55,63.1918570603124,63.1918570603124,0.0
1110,240.0,156.0,1816.0,1386.0,0.0,0.0,160.0,1.6,35.761338496456226,35.761338496456226,0.0
506,329.0,159.8,1056.0,704.0,141.0,0.0,0.0,0.0,46.54334557040175,46.54334557040175,0.0
380,220.0,176.0,881.0,686.0,330.0,0.0,0.0,6.67,38.481649845534264,38.481649845534264,0.0
575,392.0,186.2,1078.0,628.0,98.0,0.0,0.0,14.7,31.318649222160392,31.318649222160392,0.0
1263,522.5,176.0,930.0,724.0,0.0,27.5,0.0,9.56,67.76654996646,67.76654996646,0.0
861,106.875,190.0,720.5,934.3,95.0,35.625,237.5,1.6625,26.83261191815163,26.83261191815163,0.0
1212,408.1,191.232,1235.0,523.0,58.3,14.6,116.6,4.47,60.25702405023617,60.25702405023617,0.0
332,480.0,220.0,699.0,819.0,96.0,0.0,0.0,10.1,44.611269605727735,44.611269605727735,0.0
571,375.0,170.0,1100.0,640.0,125.0,0.0,0.0,15.0,36.771331141609686,36.771331141609686,0.0
203,262.0,195.0,895.0,733.0,86.0,0.0,111.0,5.0,39.99215605984336,39.99215605984336,0.0
1452,243.0,116.64,1009.0,1127.0,0.0,0.0,243.0,14.55,60.58804665539061,60.58804665539061,0.0
1410,332.4,214.0,1212.0,520.0,71.3,0.0,71.3,0.0,38.61727445993212,38.61727445993212,0.0
427,383.0,198.0,858.0,816.0,0.0,67.5,0.0,7.8,60.54264771952754,60.54264771952754,0.0
578,456.0,201.6,1058.0,616.0,24.0,0.0,0.0,14.4,31.894818188199633,31.894818188199633,0.0
744,260.0,152.0,1097.0,731.2,80.0,0.0,60.0,0.0,38.89921054284486,38.89921054284486,0.0
422,360.0,198.0,866.0,824.0,0.0,0.0,90.0,3.7,47.071950074570076,47.071950074570076,0.0
836,225.625,190.0,734.2,952.0,47.5,11.875,190.0,1.1875,40.74698781549412,40.74698781549412,0.0
1117,291.0,155.0,1044.0,762.0,97.0,0.0,0.0,0.0,43.19583882352215,43.19583882352215,0.0
552,250.0,125.0,1093.0,728.7,125.0,0.0,125.0,11.0,55.97739470883781,55.97739470883781,0.0
433,180.0,198.0,852.0,810.0,0.0,67.5,202.5,5.8,49.08780337849792,49.08780337849792,0.0
1197,524.7,186.56,1235.0,523.0,0.0,0.0,58.3,4.4,57.31554689633465,57.31554689633465,0.0
198,397.0,167.0,967.0,633.0,158.0,0.0,17.2,20.8,49.897491960452456,49.897491960452456,0.0
1198,466.4,186.56,1235.0,523.0,0.0,0.0,116.6,4.5,59.17338695465398,59.17338695465398,0.0
714,378.0,143.64,869.0,869.0,0.0,42.0,0.0,2.016,68.32966691912284,68.32966691912284,0.0
415,180.0,198.0,845.0,803.0,135.0,0.0,135.0,2.8,58.32235477589356,58.32235477589356,0.0
43,253.75,163.0,1048.0,670.0,108.75,0.0,0.0,0.0,39.736586806536714,39.736586806536714,0.0
855,154.375,190.0,728.1,944.23,47.5,35.625,237.5,1.6625,33.01465937701687,33.01465937701687,0.0
398,360.0,198.0,855.0,813.0,90.0,0.0,0.0,3.2,65.2692146420031,65.2692146420031,0.0
231,172.4,156.8,1006.3,856.4,172.4,0.0,13.6,4.1,36.77829780885802,36.77829780885802,0.0
1101,280.0,180.0,852.0,933.0,120.0,0.0,0.0,0.0,25.21909382385116,25.21909382385116,0.0
101,425.0,165.0,1050.0,680.0,0.0,75.0,0.0,12.0,76.19233323093648,76.19233323093648,0.0
881,138.0,195.6,1071.0,660.0,92.0,46.0,184.0,1.84,37.28099131628431,37.28099131628431,0.0
1166,244.0,142.5,1317.0,701.0,131.0,0.0,0.0,1.5,51.5977489922061,51.5977489922061,0.0
1022,237.0,185.5,652.3,725.2,226.644,51.51,0.0,11.333388,52.611049584089976,52.611049584089976,0.0
905,380.0,220.0,685.0,1255.0,0.0,20.0,0.0,4.8,29.88563804310023,29.88563804310023,0.0
1309,210.0,251.0,927.0,611.0,0.0,0.0,270.0,0.0,29.619399171390526,29.619399171390526,0.0
381,440.0,176.0,931.0,725.0,0.0,0.0,110.0,10.43,63.16037663927932,63.16037663927932,0.0
1116,324.0,162.0,1027.0,750.0,81.0,0.0,0.0,0.0,40.65414971345911,40.65414971345911,0.0
807,190.6,185.45,619.0,688.15,283.327,41.2112,0.0,11.3330404,45.57929699636035,45.57929699636035,0.0
128,408.0,201.6,1058.0,616.0,0.0,72.0,0.0,16.8,51.21696246529421,51.21696246529421,0.0
528,394.0,140.0,1012.0,834.0,0.0,44.0,0.0,9.636,67.07611383337766,67.07611383337766,0.0
908,187.0,121.0,1289.0,790.0,51.0,10.2,153.0,4.2,46.84393219985262,46.84393219985262,0.0
650,350.0,180.0,927.0,678.0,100.0,0.0,0.0,6.8,35.26561123743571,35.26561123743571,0.0
1446,174.24,197.0,1010.55,794.0,0.0,11.7,0.0,0.0,25.223933374361284,25.223933374361284,0.0
1216,583.0,195.904,1235.0,523.0,0.0,29.2,0.0,4.4,63.85578177815735,63.85578177815735,0.0
247,145.0,184.0,833.0,880.0,119.0,0.0,116.0,5.7,37.28918118838223,37.28918118838223,0.0
527,322.0,140.0,1060.0,874.0,0.0,28.0,0.0,7.7,58.52312142177676,58.52312142177676,0.0
354,206.0,180.0,621.0,1001.0,257.0,51.0,0.0,2.57,57.84811608691977,57.84811608691977,0.0
32,130.0,214.9,832.0,785.0,390.0,0.0,0.0,7.4,15.717493811675613,15.717493811675613,0.0
1291,270.0,136.8,843.0,1257.0,0.0,0.0,90.0,0.0,74.61235169810465,74.61235169810465,0.0
588,322.0,161.0,1085.2,693.81,0.0,0.0,138.0,1.104,51.60643341552698,51.60643341552698,0.0
339,300.0,180.0,595.0,958.0,270.0,30.0,0.0,2.22,57.226930300550805,57.226930300550805,0.0
1357,312.0,207.0,1148.0,710.0,0.0,0.0,71.0,0.0,29.24187926620425,29.24187926620425,0.0
1031,225.625,190.0,752.5,937.1,47.5,11.875,190.0,1.1875,36.06855941194178,36.06855941194178,0.0
297,287.0,188.0,904.0,696.0,94.0,0.0,121.0,9.0,42.51752867787358,42.51752867787358,0.0
261,156.0,221.0,854.0,614.0,187.0,0.0,178.0,7.0,29.085353848366616,29.085353848366616,0.0
439,180.0,198.0,840.0,799.0,101.3,67.5,101.3,5.0,38.28862406875843,38.28862406875843,0.0
481,120.0,112.0,1200.0,600.0,280.0,0.0,0.0,5.6,34.222773211167436,34.222773211167436,0.0
309,522.5,172.36,722.0,970.0,0.0,27.5,0.0,8.25,62.50176719803079,62.50176719803079,0.0
163,150.7,164.6,1074.5,687.0,124.8,0.0,0.0,15.6,18.149468657345494,18.149468657345494,0.0
736,111.0,128.0,1115.0,770.0,127.0,0.0,47.0,2.28,36.49423845956343,36.49423845956343,0.0
598,280.0,175.0,1132.0,680.0,0.0,0.0,70.0,0.0,31.22344143972544,31.22344143972544,0.0
1447,148.32,197.0,1015.77,798.1,0.0,0.0,45.6,0.0,24.571950348798985,24.571950348798985,0.0
1423,300.0,160.0,1137.0,741.0,0.0,0.0,100.0,0.0,36.13800962527224,36.13800962527224,0.0
239,261.9,195.4,895.2,732.6,86.1,0.0,110.5,5.0,39.99215605984336,39.99215605984336,0.0
1299,175.0,215.0,1135.0,748.0,0.0,0.0,37.5,0.0,9.740854331074893,9.740854331074893,0.0
1393,180.0,126.0,1125.0,675.0,0.0,0.0,270.0,14.0,70.74793230948816,70.74793230948816,0.0
1083,130.0,214.9,832.0,785.0,156.0,78.0,156.0,7.57,36.253643586298125,36.253643586298125,0.0
1356,156.0,203.0,1174.0,710.0,0.0,0.0,212.0,0.0,22.41044454940578,22.41044454940578,0.0
1406,180.0,135.0,875.0,875.0,225.0,45.0,0.0,2.357,60.15521490734444,60.15521490734444,0.0
1329,274.0,160.0,1285.0,500.0,0.0,0.0,183.0,3.29,48.152167287684954,48.152167287684954,0.0
423,270.0,198.0,863.0,821.0,0.0,0.0,180.0,3.4,49.43508923525011,49.43508923525011,0.0
429,270.0,198.0,841.0,801.0,135.0,45.0,0.0,4.5,40.826324991076696,40.826324991076696,0.0
63,436.5,200.0,778.0,880.0,0.0,18.0,0.0,6.7,61.86889199354487,61.86889199354487,0.0
1115,459.0,183.6,817.56,828.36,0.0,81.0,0.0,4.32,49.48397832203594,49.48397832203594,0.0
1395,180.0,135.0,895.0,895.0,225.0,45.0,0.0,1.429,58.93884758508336,58.93884758508336,0.0
1106,260.0,180.0,858.0,930.0,120.0,20.0,0.0,0.0,27.67312701135025,27.67312701135025,0.0
1133,277.0,155.0,1031.0,638.0,0.0,28.0,249.0,0.0,63.1159405475234,63.1159405475234,0.0
430,180.0,198.0,828.0,788.0,202.5,67.5,0.0,4.8,32.00471692710504,32.00471692710504,0.0
691,240.0,160.0,1104.0,736.0,0.0,0.0,160.0,2.0,22.32948054962003,22.32948054962003,0.0
1307,210.0,231.0,1027.0,677.0,0.0,0.0,150.0,0.0,25.70252944458094,25.70252944458094,0.0
813,124.0,210.12,812.0,853.0,186.0,0.0,186.0,5.0,19.95009144222882,19.95009144222882,0.0
1036,106.875,190.0,741.7,923.7,95.0,35.625,237.5,1.425,26.15003652292242,26.15003652292242,0.0
535,360.0,159.67,1041.0,858.0,0.0,83.52777778,0.0,9.757611111,61.83499640932304,61.83499640932304,0.0
1094,285.3,155.33,1268.0,634.0,31.7,0.0,0.0,0.0,30.817879495418314,30.817879495418314,0.0
30,260.0,214.9,832.0,785.0,130.0,0.0,130.0,5.67,31.966421401167594,31.966421401167594,0.0
56,253.75,163.0,1048.0,670.0,90.62,18.12,0.0,0.0,36.47032479048798,36.47032479048798,0.0
1174,323.1,158.0,1110.39,796.0,0.0,35.9,0.0,0.0,31.238958179653473,31.238958179653473,0.0
351,206.0,180.0,621.0,1001.0,283.0,26.0,0.0,1.6448,48.03062492829814,48.03062492829814,0.0
781,352.87,185.45,709.0,788.2,141.6635,20.6056,0.0,11.3330602,56.27368276435342,56.27368276435342,0.0
584,368.0,161.0,1085.2,693.81,92.0,0.0,0.0,1.104,51.223401702676256,51.223401702676256,0.0
1035,118.75,190.0,742.2,924.2,71.25,23.75,237.5,1.425,24.80269260196027,24.80269260196027,0.0
1394,180.0,135.0,895.0,895.0,270.0,0.0,0.0,1.0,46.69698104974062,46.69698104974062,0.0
1335,486.0,165.24,817.56,828.36,0.0,54.0,0.0,4.86,62.47725042628328,62.47725042628328,0.0
490,280.0,160.0,1270.0,554.0,120.0,0.0,0.0,0.0,32.99772644421866,32.99772644421866,0.0
976,489.4,185.5,774.6,861.1,15.453,10.302,0.0,11.33341,52.44975018137438,52.44975018137438,0.0
353,257.0,180.0,621.0,1023.0,206.0,51.0,0.0,3.1868,62.3813516140525,62.3813516140525,0.0
591,300.0,191.0,862.0,761.0,169.0,0.0,0.0,4.2,34.409336557966746,34.409336557966746,0.0
306,140.0,200.0,916.0,753.0,103.0,0.0,133.0,7.0,34.17925053631692,34.17925053631692,0.0
903,372.33,186.16,948.54,636.97,93.08,0.0,0.0,2.34,45.168897161471904,45.168897161471904,0.0
99,475.0,165.0,1050.0,690.0,0.0,25.0,0.0,12.0,66.64578710654642,66.64578710654642,0.0
1414,332.4,214.0,1212.0,520.0,47.5,23.8,71.3,0.0,39.2925841944345,39.2925841944345,0.0
271,314.0,178.9,869.1,690.2,113.2,0.0,145.3,8.0,46.8827603673138,46.8827603673138,0.0
240,264.5,195.5,832.6,790.4,86.5,0.0,111.0,5.9,43.032144463364276,43.032144463364276,0.0
596,240.0,180.0,1107.0,665.0,0.0,0.0,160.0,0.0,32.31029570785748,32.31029570785748,0.0
882,138.0,200.7,1048.0,660.0,92.0,46.0,184.0,1.84,37.14753988872786,37.14753988872786,0.0
809,248.0,210.12,812.0,853.0,248.0,0.0,0.0,5.0,22.504364597070623,22.504364597070623,0.0
1251,466.4,209.888,1235.0,523.0,58.3,72.9,58.3,5.39,67.65705744308694,67.65705744308694,0.0
1018,278.2,185.5,658.3,731.9,226.644,10.302,0.0,11.333212,50.14753131367154,50.14753131367154,0.0
705,360.0,184.5,1201.5,612.0,90.0,0.0,0.0,2.25,37.818528513803514,37.818528513803514,0.0
597,160.0,180.0,1107.0,665.0,0.0,0.0,240.0,0.0,24.73019574030129,24.73019574030129,0.0
756,489.38,185.45,774.62,861.15,15.4542,10.3028,0.0,11.333014,53.60658692573298,53.60658692573298,0.0
1259,220.0,176.0,881.0,686.0,330.0,0.0,0.0,6.67,38.481649845534264,38.481649845534264,0.0
1068,257.0,216.8,754.0,800.0,102.0,52.0,102.0,4.1,35.88026165870858,35.88026165870858,0.0
978,468.8,185.5,771.6,857.8,15.453,30.906,0.0,11.333498,54.68268506212569,54.68268506212569,0.0
1428,385.0,137.5,840.2,840.2,165.0,0.0,0.0,21.7,52.55412437320979,52.55412437320979,0.0
1065,348.75,200.0,737.0,937.5,0.0,116.25,0.0,3.72,33.78839215906898,33.78839215906898,0.0
1287,290.0,170.0,1035.0,697.0,0.0,0.0,125.0,2.9,44.68642439912259,44.68642439912259,0.0
967,227.5,140.0,1314.2,744.3,70.0,52.5,0.0,3.5,29.046875389535607,29.046875389535607,0.0
310,440.0,181.5,722.0,970.0,82.5,27.5,0.0,3.3,54.61593705929438,54.61593705929438,0.0
570,400.0,170.0,1100.0,640.0,100.0,0.0,0.0,15.0,37.194626294778125,37.194626294778125,0.0
1029,273.175,190.0,754.0,939.0,47.5,11.875,142.5,1.1875,33.975184642812174,33.975184642812174,0.0
1007,324.5,185.5,691.6,768.9,169.983,20.604,0.0,11.331914,54.53914826119121,54.53914826119121,0.0
289,424.0,178.0,822.0,750.0,132.0,0.0,22.0,8.5,59.99036467270176,59.99036467270176,0.0
426,405.0,198.0,861.0,819.0,0.0,45.0,0.0,5.2,60.504606923136436,60.504606923136436,0.0
590,300.0,191.0,875.0,761.0,169.0,0.0,0.0,4.0,32.883973734330326,32.883973734330326,0.0
208,446.0,162.0,967.0,712.0,79.0,0.0,24.0,11.6,53.51566910001509,53.51566910001509,0.0
532,383.0,159.81,1049.0,865.0,0.0,60.91666667,0.0,9.766166667,65.83934708777224,65.83934708777224,0.0
733,158.0,105.0,1115.0,770.0,127.0,0.0,68.0,2.824,40.31901643647228,40.31901643647228,0.0
324,496.0,235.6,720.0,780.0,124.0,0.0,0.0,4.0,45.07292445392256,45.07292445392256,0.0
237,155.2,193.8,879.6,698.5,143.2,0.0,183.9,9.2,32.03453012212812,32.03453012212812,0.0
58,325.18,260.14,810.0,795.0,84.62,0.0,0.0,0.0,25.792654318749626,25.792654318749626,0.0
1155,399.0,159.6,868.0,868.0,0.0,21.0,0.0,2.142,60.55911812014243,60.55911812014243,0.0
534,367.0,159.71,1043.0,860.0,0.0,76.63888889,0.0,9.760055556,66.51573644257994,66.51573644257994,0.0
945,444.0,152.0,1094.0,519.0,0.0,0.0,296.0,8.88,81.16403208763643,81.16403208763643,0.0
693,80.0,163.0,1184.0,684.0,0.0,0.0,320.0,2.85,45.89845004913897,45.89845004913897,0.0
23,260.0,206.7,849.4,785.0,260.0,0.0,0.0,5.72,15.586735619060253,15.586735619060253,0.0
107,442.0,135.2,1146.0,667.0,0.0,78.0,0.0,18.2,80.96204687496112,80.96204687496112,0.0
1424,300.0,160.0,1246.0,741.0,0.0,0.0,100.0,0.0,41.21401861549155,41.21401861549155,0.0
1387,382.5,126.0,1125.0,675.0,0.0,67.5,0.0,14.0,97.31702109770615,97.31702109770615,0.0
973,473.9,185.5,793.0,881.6,0.0,41.208,0.0,11.332376,61.99611071371857,61.99611071371857,0.0
1128,137.0,155.0,1083.0,670.0,0.0,13.0,296.0,0.0,43.65166747656154,43.65166747656154,0.0
1131,277.0,155.0,1016.0,628.0,111.0,28.0,138.0,0.0,62.21590693289829,62.21590693289829,0.0
737,99.0,133.0,1115.0,770.0,127.0,0.0,42.0,2.144,34.15794443019645,34.15794443019645,0.0
1173,430.0,205.0,651.0,1047.0,0.0,20.0,0.0,7.065,41.02033394939987,41.02033394939987,0.0
701,219.96,160.0,1270.0,605.0,169.2,33.84,126.9,3.6,36.89434576574173,36.89434576574173,0.0
1144,322.0,200.48,1228.0,611.0,36.0,0.0,0.0,0.0,33.10753918672517,33.10753918672517,0.0
1119,194.0,155.0,1041.0,760.0,97.0,0.0,97.0,0.0,36.79981281138413,36.79981281138413,0.0
772,378.63,185.45,739.27,821.85,84.9981,51.514,0.0,11.3331262,56.71968574114858,56.71968574114858,0.0
670,237.75,190.0,1396.0,698.0,63.4,15.85,0.0,0.0,16.676518435557973,16.676518435557973,0.0
233,297.8,201.3,878.4,655.3,106.9,0.0,137.2,6.0,52.42729798715099,52.42729798715099,0.0
1013,296.2,185.5,674.2,749.5,198.3135,20.604,0.0,11.332585,51.652216933474214,51.652216933474214,0.0
196,237.0,247.0,853.0,695.0,71.0,0.0,92.0,6.0,29.62316977084886,29.62316977084886,0.0
1222,408.1,195.904,1235.0,523.0,58.3,29.2,116.6,4.6,61.73436551842362,61.73436551842362,0.0
81,515.7,184.2,1040.5,445.5,221.0,0.0,0.0,2.3,65.8298616819499,65.8298616819499,0.0
1364,273.0,168.0,1150.0,688.0,0.0,0.0,147.0,2.9,65.93643513903187,65.93643513903187,0.0
1121,194.0,155.0,1054.0,769.0,0.0,0.0,194.0,0.0,41.3220784465181,41.3220784465181,0.0
111,459.0,153.0,1122.5,653.0,0.0,51.0,0.0,17.85,67.35704483690616,67.35704483690616,0.0
1239,408.1,205.216,1235.0,523.0,0.0,58.3,174.9,5.67,61.3040544055892,61.3040544055892,0.0
1316,245.0,279.0,799.0,526.0,0.0,0.0,385.0,0.0,27.746516204924895,27.746516204924895,0.0
934,269.0,134.4,1280.0,307.0,38.0,38.0,0.0,0.0,18.5035230991092,18.5035230991092,0.0
344,180.0,180.0,595.0,908.0,360.0,60.0,0.0,2.28,55.66310385880616,55.66310385880616,0.0
1228,466.4,200.544,1235.0,523.0,0.0,43.7,116.6,5.6,67.4907493487059,67.4907493487059,0.0
622,350.0,190.0,735.0,910.0,150.0,0.0,0.0,6.75,41.91162466099083,41.91162466099083,0.0
567,475.0,170.0,1100.0,640.0,25.0,0.0,0.0,15.0,41.79718146938527,41.79718146938527,0.0
1108,300.0,156.0,1779.0,1300.0,100.0,0.0,0.0,2.4,40.56137821594528,40.56137821594528,0.0
900,267.0,186.9,1307.0,637.0,178.0,0.0,0.0,1.11,28.279557460137244,28.279557460137244,0.0
1079,260.0,214.9,832.0,785.0,130.0,0.0,130.0,5.67,31.966421401167594,31.966421401167594,0.0
365,180.0,180.0,640.0,1053.0,225.0,45.0,0.0,2.34,42.21962950390489,42.21962950390489,0.0
1445,178.56,197.0,1011.93,795.09,0.0,9.75,0.0,0.0,26.322815072082754,26.322815072082754,0.0
986,432.7,185.5,745.7,829.0,30.906,51.51,0.0,11.332552,55.49826686540004,55.49826686540004,0.0
371,300.0,175.0,663.0,923.0,200.0,0.0,0.0,7.5,44.66855458923314,44.66855458923314,0.0
718,346.5,131.67,872.0,872.0,0.0,10.5,63.0,2.016,56.60218603426608,56.60218603426608,0.0
486,120.0,160.0,1200.0,600.0,280.0,0.0,0.0,0.0,17.32977299692016,17.32977299692016,0.0
626,405.0,171.0,735.0,990.0,0.0,45.0,0.0,8.0,61.06014817611718,61.06014817611718,0.0
477,120.0,112.0,1200.0,600.0,280.0,0.0,0.0,5.6,34.222773211167436,34.222773211167436,0.0
674,253.6,190.0,1396.0,698.0,31.7,31.7,0.0,0.0,15.597951922504745,15.597951922504745,0.0
1407,135.0,135.0,875.0,875.0,135.0,45.0,135.0,2.714,69.7267052541402,69.7267052541402,0.0
649,350.0,167.0,947.0,692.0,100.0,0.0,0.0,8.1,41.44595362751826,41.44595362751826,0.0
720,325.5,123.69,868.0,868.0,0.0,31.5,63.0,2.016,50.59181269953559,50.59181269953559,0.0
